INSERT INTO trips (id, name, destination, image, description, price, start_date, end_date, category) VALUES
    (-1, 'Mendoza, más cerca de las nubes',
        'Mendoza, Mendoza',
        'https://media.staticontent.com/media/pictures/7481aad6-e32c-4535-892c-c0329d183997/1120x700?op=TRUNCATE&enlarge=false&gravity=sm&quality=80&dpr=1',
        'Mendoza te espera para disfrutar de unos días de desconexión, en contacto con la naturaleza. Vas a descubrir el escenario perfecto para vivir una pausa bajo el encanto de sus paisajes mágicos.\n¡Escapate de la rutina y contagiate de la energía de este lugar!',
        29856, '2022-01-03', '2022-01-09', 'CATEGORY1'
    ),
    (-2, 'Bosque de Arrayanes y Bariloche, postales para soñar',
        'San Carlos de Bariloche, Río Negro',
        'https://media.staticontent.com/media/pictures/0a834808-256d-4047-8437-3dc3145fa761/1120x700?op=TRUNCATE&enlarge=false&gravity=sm&quality=80&dpr=1',
        'Sentí la magia de cada rincón de Bariloche. Navegá y descubrí la belleza del único bosque de arrayanes del mundo. Relajate en el hotel frente al lago y encontrá el plus de desconexión que necesitás para tu escapada.\nBariloche es un destino que atrapa. Sus montañas, lagos y arroyos se camuflan con el verde de la vegetación para crear postales maravillosas. Sus sabores maridan con una atmósfera de paz especial para desconectarse de la rutina y vivir de cerca la perfección de la naturaleza.\n¡Dejate tentar por el encanto de un lugar soñado y empezá a palpitar una escapada para desconectarte de verdad!',
        44567, '2022-01-10', '2022-01-16', 'CATEGORY2'
    ),
    (-3, 'Salta: una aventura única',
        'Salta, Salta',
        'https://media.staticontent.com/media/pictures/24b82819-e65c-40b1-bde8-aac28c81ef4e/1120x700?op=TRUNCATE&enlarge=false&gravity=sm&quality=80&dpr=1',
        'Sumergite en los paisajes de Salta y dejá que la adrenalina sea parte de tu viaje. Paisajes, naturaleza y aire puro, resultan una combinación genial hacia la aventura, que sin dudas vas a disfrutar.\nEscapate, ¡es todo lo que necesitás para olvidarte de la rutina!',
        24230, '2022-01-17', '2022-01-23', 'CATEGORY3'
    ),
    (-4, 'Escapate a Ushuaia, te esperan nuevos desafíos',
        'Ushuaia, Tierra del Fuego',
        'https://media.staticontent.com/media/pictures/f848b417-6e06-4b1f-b88d-1f54e5c4a952/1120x700?op=TRUNCATE&enlarge=false&gravity=sm&quality=80&dpr=1',
        'Salí al encuentro de la naturaleza y animate a vivir nuevos desafíos en Ushuaia. Descubrí nuevos paisajes, disfrutá del aire puro y sentí la adrenalina, en una experiencia única.\nEscapate y disfrutá de una dosis de adrenalina, lejos de la rutina.',
        25000, '2022-01-24', '2022-01-30', 'CATEGORY1'
    ),
    (-5, 'Carlos Paz, La Cumbrecita y General Belgrano: sierras cordobesas',
        'Villa Carlos Paz, Córdoba',
        'https://media.staticontent.com/media/pictures/5904f9da-e357-44f0-a412-445f5801786e/1120x700?op=TRUNCATE&enlarge=false&gravity=sm&quality=80&dpr=1',
        'Escapate a Carlos Paz, disfrutá de un hotel en la Villa y aprovechá de una excursión hacia dos destinos en las Sierras: La Cumbrecita y Villa General Belgrano, donde vas a encontrar un verdadero pasaje a la desconexión. En La Cumbrecita, vas a disfrutar de un pueblo peatonal, con construcciones alpinas que usan energías renovables en medio de bosques, senderos, ríos y cascadas. En Villa General Belgrano, podrás saborear las mejores cervezas artesanales. ¡Córdoba tiene todo para tu próxima escapada!',
        31125, '2022-01-31', '2022-02-06', 'CATEGORY2'
    ),
    (-6, 'Carlos Paz, Mina Clavero y Cura Brochero: una escapada a las sierras',
        'Villa Carlos Paz, Córdoba',
        'https://media.staticontent.com/media/pictures/ae3e8209-aba3-48be-948c-ec1b757d34b8/1120x700?op=TRUNCATE&enlarge=false&gravity=sm&quality=80&dpr=1',
        'Disfrutá de una escapada a Carlos Paz y dejá que el aire de las sierras renueve tu energía en un tour de día completo hacia Cura Brochero, Los Túneles y Mina Clavero. Regalate la oportunidad de descansar, disfrutá de tu hotel con desayuno y piscina climatizada y descubrí paisajes donde las sierras y ríos cristalinos son protagonistas. Si buscás una escapada para desconectar, tu destino está en Carlos Paz.',
        26500, '2022-02-07', '2022-02-13', 'CATEGORY3'
    ),
    (-7, 'Cariló, una pausa en medio del bosque',
        'Cariló, Buenos Aires',
        'https://media.staticontent.com/media/pictures/e494c210-5c01-4c22-b3dd-633618a0fbab/1120x700?op=TRUNCATE&enlarge=false&gravity=sm&quality=80&dpr=1',
        'Escapate a Cariló y disfruta de unos días de desconexión rodeado de bosques de pinos, acacias y aromos. Regalate la oportunidad de regresar a lo natural, caminar frente al mar y disfrutar lejos de la rutina. Te espera un hotel con desayuno y todo el confort para descansar.\nLa tranquilidad y calidez de Cariló convierten a este destino en un lugar ideal para recargar energías. Los bosques, médanos y playas son protagonistas que envuelven a cada visitante en una atmósfera de paz, que invita siempre a regresar.\nNo esperes a las vacaciones, ¡elegí un fin de semana en Cariló!',
        12980, '2022-01-04', '2022-01-11', 'CATEGORY1'
    ),
    (-8, 'Calafate y Glaciar Perito Moreno, una escapada inolvidable',
        'El Calafate, Santa Cruz',
        'https://media.staticontent.com/media/pictures/df05fd5d-1319-4d64-a0d0-683a95d33ade/1120x700?op=TRUNCATE&enlarge=false&gravity=sm&quality=80&dpr=1',
        'El Calafate te espera para disfrutar de unos días de desconexión en la naturaleza. Con las montañas como escenario de fondo, te encontrarás con paisajes que se transforman en un gran lugar para la contemplación.\n En tu escapada, tendrás un hotel con desayuno y estará incluida una excursión hacia el Glaciar Perito Moreno. Al llegar al Glaciar, podrás apreciar esta obra de la naturaleza, disfrutando de diferentes balcones que ofrecen hermosas vistas panorámicas.\n¡Escapate a El Calafate y dejá que el aire del sur renueve tu energía!',
        46832, '2022-01-18', '2022-01-25', 'CATEGORY2'
    ),
    (-9, 'Desconexión y Naturaleza en Pilar',
        'Pilar, Buenos Aires',
        'https://media.staticontent.com/media/pictures/cf154f74-0af8-4e83-a3fd-e9375b97c777/1120x700?op=TRUNCATE&enlarge=false&gravity=sm&quality=80&dpr=1',
        'Encontrá en Pilar el lugar ideal para renovar energías a minutos de tu casa. Sin dudas, es un gran plan para escaparse de la rutina.\n Durante el día, vas a poder sumergite en una atmósfera de relax y disfrutar de momentos mágicos en el hidromasaje, el sauna, las piscinas y el solárium. Por la noche, los sabores de los mejores restaurantes te esperan para completar una escapada perfecta. ¡No lo pienses más y empezá a imaginar esos días de descanso que necesitás!',
        24092,'2022-01-06', '2022-01-09', 'CATEGORY1'
    ),
    (-10, '¡Rosario siempre estuvo cerca! Escapate a descubrirla',
        'Rosario, Santa Fe',
        'https://media.staticontent.com/media/pictures/cdc93880-cd3d-4ab1-a317-12498a3bd1b8/1120x700?op=TRUNCATE&enlarge=false&gravity=sm&quality=80&dpr=1',
        'Rosario esconde cientos de opciones para tu próxima escapada. Naturaleza, gastronomía, historia, deportes, arte o diversión: vos elegís como querés disfrutar de la ciudad.\nDejate tentar por el ritmo de una ciudad que combina a la perfección su centro urbano con un entorno natural donde el río Paraná es protagonista. Sumergirte en unos días diferentes, ideales para cortar con la rutina.\nEmpezá a planear tu fin de semana en Rosario. Con amigos o en pareja, siempre es una buena opción.',
        3519, '2022-01-06', '2022-01-09', 'CATEGORY1'
    ),
    (-11, 'Gualeguaychú con navegación por el río: para desconectar',
        'Gualeguaychú, Entre Rios',
        'https://media.staticontent.com/media/pictures/c94e9cef-8bf0-4546-b428-3e33b7edd576/1120x700?op=TRUNCATE&enlarge=false&gravity=sm&quality=80&dpr=1',
        'Empezá a imaginar tus días lejos de la rutina. Gualeguaychú promete ser el lugar ideal para vivir los mejores momentos de desconexión.\n En tu escapada, encontrarás una estadía con desayunp. Además, la actividad “Navegación en lancha”, te devolverá la posibilidad de conectarte con la naturaleza.\n Aprovechá esta escapada para desenchufarte de verdad.',
        8503, '2022-02-03', '2022-02-015', 'CATEGORY2'
    );

--INSERT INTO users (id, email, name, picture) VALUES
--    (1, 'guest@gmail.com', 'guest', 'guest_image');
--INSERT INTO travelers (google_id, id) VALUES
--    ('guestGoogleId', 1)

INSERT INTO locations (id, province, city, street, number) VALUES
    (-1, "Buenos Aires", "Quilmes", "Sarmiento", 111),
    (-2, "Buenos Aires", "Quilmes", "Sarmiento", 222),
    (-3, "Buenos Aires", "Quilmes", "Sarmiento", 333);

INSERT INTO managers (id, first_Name, surname, dni, cuit) VALUES
    (-1, "Nicolas", "Ruiz", 11111111, 20111111115),
    (-2, "Nicolas", "Ruiz", 22222222, 20222222225),
    (-3, "Nicolas", "Ruiz", 33333333, 20333333335);

INSERT INTO users (id, email, name) VALUES
    (-1, 'guestTravelAgent1@gmail.com', 'mockGuestTravelAgency1'),
    (-2, 'guestTravelAgent2@gmail.com', 'mockGuestTravelAgency2'),
    (-3, 'guestTravelAgent3@gmail.com', 'mockGuestTravelAgency3');

INSERT INTO travel_agencies (password, id, cuit, fiscal_name, location_id, manager_id) VALUES
    ('guest', -1, 11111111111, "MockTravelAgency1", -1, -1),
    ('guest', -2, 22222222222, "MockTravelAgency2", -2, -2),
    ('guest', -3, 33333333333, "MockTravelAgency3", -3, -3);

INSERT INTO travel_agencies_trips (travel_agency_id, trips_id) VALUES
    (-1, -1),
    (-1, -2),
    (-1, -3),
    (-1, -4),
    (-2, -5),
    (-2, -6),
    (-2, -7),
    (-2, -8),
    (-3, -9),
    (-3, -10),
    (-3, -11);